bp(MOA:"Human herpesvirus 1 DNA polymerase inhibitor")	association	path(ChEMBL:CHEMBL152)	{"relation": "association", "evidence": "ChEMBL query", "citation": {"namespace": "pubmed", "identifier": "ChEMBL database"}}
path(ChEMBL:CHEMBL152)	association	bp(MOA:"Human herpesvirus 1 DNA polymerase inhibitor")	{"relation": "association", "evidence": "ChEMBL query", "citation": {"namespace": "pubmed", "identifier": "ChEMBL database"}}
path(ChEMBL:CHEMBL152)	association	m(HP:CHEMBL1872)	{"relation": "association", "evidence": "ChEMBL query", "citation": {"namespace": "pubmed", "identifier": "ChEMBL database"}}
path(ChEMBL:CHEMBL152)	association	pop(Disease:"Virus Diseases")	{"relation": "association", "evidence": "ChEMBL query", "citation": {"namespace": "pubmed", "identifier": "ChEMBL database"}}
path(ChEMBL:CHEMBL152)	association	pop(Disease:Infections)	{"relation": "association", "evidence": "ChEMBL query", "citation": {"namespace": "pubmed", "identifier": "ChEMBL database"}}
path(ChEMBL:CHEMBL152)	association	pop(Disease:"Kidney Diseases")	{"relation": "association", "evidence": "ChEMBL query", "citation": {"namespace": "pubmed", "identifier": "ChEMBL database"}}
path(ChEMBL:CHEMBL152)	association	pop(Disease:Sarcoma)	{"relation": "association", "evidence": "ChEMBL query", "citation": {"namespace": "pubmed", "identifier": "ChEMBL database"}}
path(ChEMBL:CHEMBL152)	association	pop(Disease:"Uterine Cervical Dysplasia")	{"relation": "association", "evidence": "ChEMBL query", "citation": {"namespace": "pubmed", "identifier": "ChEMBL database"}}
path(ChEMBL:CHEMBL152)	association	pop(Disease:"Cytomegalovirus Infections")	{"relation": "association", "evidence": "ChEMBL query", "citation": {"namespace": "pubmed", "identifier": "ChEMBL database"}}
path(ChEMBL:CHEMBL152)	association	pop(Disease:"Cytomegalovirus Retinitis")	{"relation": "association", "evidence": "ChEMBL query", "citation": {"namespace": "pubmed", "identifier": "ChEMBL database"}}
path(ChEMBL:CHEMBL152)	association	pop(Disease:"Anus Neoplasms")	{"relation": "association", "evidence": "ChEMBL query", "citation": {"namespace": "pubmed", "identifier": "ChEMBL database"}}
path(ChEMBL:CHEMBL152)	association	pop(Disease:Papilloma)	{"relation": "association", "evidence": "ChEMBL query", "citation": {"namespace": "pubmed", "identifier": "ChEMBL database"}}
path(ChEMBL:CHEMBL152)	association	pop(Disease:"Uterine Cervical Neoplasms")	{"relation": "association", "evidence": "ChEMBL query", "citation": {"namespace": "pubmed", "identifier": "ChEMBL database"}}
path(ChEMBL:CHEMBL152)	association	pop(Disease:"Herpes Simplex")	{"relation": "association", "evidence": "ChEMBL query", "citation": {"namespace": "pubmed", "identifier": "ChEMBL database"}}
path(ChEMBL:CHEMBL152)	association	pop(Disease:"Primary Immunodeficiency Diseases")	{"relation": "association", "evidence": "ChEMBL query", "citation": {"namespace": "pubmed", "identifier": "ChEMBL database"}}
path(ChEMBL:CHEMBL152)	association	a(ChEMBLAssay:CHEMBL746888)	{"assayType": "F", "pChEMBL": "6.30", "relation": "association", "evidence": "ChEMBL query", "citation": {"namespace": "pubmed", "identifier": "ChEMBL database"}}
path(ChEMBL:CHEMBL152)	association	a(ChEMBLAssay:CHEMBL689980)	{"assayType": "F", "pChEMBL": "6.22", "relation": "association", "evidence": "ChEMBL query", "citation": {"namespace": "pubmed", "identifier": "ChEMBL database"}}
path(ChEMBL:CHEMBL152)	association	a(ChEMBLAssay:CHEMBL689981)	{"assayType": "F", "pChEMBL": "6.00", "relation": "association", "evidence": "ChEMBL query", "citation": {"namespace": "pubmed", "identifier": "ChEMBL database"}}
path(ChEMBL:CHEMBL152)	association	a(ChEMBLAssay:CHEMBL689978)	{"assayType": "F", "pChEMBL": "6.80", "relation": "association", "evidence": "ChEMBL query", "citation": {"namespace": "pubmed", "identifier": "ChEMBL database"}}
path(ChEMBL:CHEMBL152)	association	a(ChEMBLAssay:CHEMBL689979)	{"assayType": "F", "pChEMBL": "6.30", "relation": "association", "evidence": "ChEMBL query", "citation": {"namespace": "pubmed", "identifier": "ChEMBL database"}}
m(HP:CHEMBL1872)	association	path(ChEMBL:CHEMBL152)	{"relation": "association", "evidence": "ChEMBL query", "citation": {"namespace": "pubmed", "identifier": "ChEMBL database"}}
bp(MOA:"DNA polymerase inhibitor")	association	path(ChEMBL:CHEMBL203321)	{"relation": "association", "evidence": "ChEMBL query", "citation": {"namespace": "pubmed", "identifier": "ChEMBL database"}}
path(ChEMBL:CHEMBL203321)	association	bp(MOA:"DNA polymerase inhibitor")	{"relation": "association", "evidence": "ChEMBL query", "citation": {"namespace": "pubmed", "identifier": "ChEMBL database"}}
path(ChEMBL:CHEMBL203321)	association	m(HP:CHEMBL3988586)	{"relation": "association", "evidence": "ChEMBL query", "citation": {"namespace": "pubmed", "identifier": "ChEMBL database"}}
path(ChEMBL:CHEMBL203321)	association	pop(Disease:"Cytomegalovirus Infections")	{"relation": "association", "evidence": "ChEMBL query", "citation": {"namespace": "pubmed", "identifier": "ChEMBL database"}}
path(ChEMBL:CHEMBL203321)	association	pop(Disease:"Hemorrhagic Fever, Ebola")	{"relation": "association", "evidence": "ChEMBL query", "citation": {"namespace": "pubmed", "identifier": "ChEMBL database"}}
path(ChEMBL:CHEMBL203321)	association	pop(Disease:"Adenovirus Infections, Human")	{"relation": "association", "evidence": "ChEMBL query", "citation": {"namespace": "pubmed", "identifier": "ChEMBL database"}}
path(ChEMBL:CHEMBL203321)	association	pop(Disease:"Adenoviridae Infections")	{"relation": "association", "evidence": "ChEMBL query", "citation": {"namespace": "pubmed", "identifier": "ChEMBL database"}}
path(ChEMBL:CHEMBL203321)	association	pop(Disease:"Virus Diseases")	{"relation": "association", "evidence": "ChEMBL query", "citation": {"namespace": "pubmed", "identifier": "ChEMBL database"}}
path(ChEMBL:CHEMBL203321)	association	pop(Disease:Smallpox)	{"relation": "association", "evidence": "ChEMBL query", "citation": {"namespace": "pubmed", "identifier": "ChEMBL database"}}
path(ChEMBL:CHEMBL203321)	association	a(ChEMBLAssay:CHEMBL859211)	{"assayType": "F", "pChEMBL": "9.05", "relation": "association", "evidence": "ChEMBL query", "citation": {"namespace": "pubmed", "identifier": "ChEMBL database"}}
path(ChEMBL:CHEMBL203321)	association	a(ChEMBLAssay:CHEMBL859223)	{"assayType": "F", "pChEMBL": "9.05", "relation": "association", "evidence": "ChEMBL query", "citation": {"namespace": "pubmed", "identifier": "ChEMBL database"}}
path(ChEMBL:CHEMBL203321)	association	a(ChEMBLAssay:CHEMBL860527)	{"assayType": "F", "pChEMBL": "7.10", "relation": "association", "evidence": "ChEMBL query", "citation": {"namespace": "pubmed", "identifier": "ChEMBL database"}}
path(ChEMBL:CHEMBL203321)	association	a(ChEMBLAssay:CHEMBL860529)	{"assayType": "F", "pChEMBL": "7.22", "relation": "association", "evidence": "ChEMBL query", "citation": {"namespace": "pubmed", "identifier": "ChEMBL database"}}
path(ChEMBL:CHEMBL203321)	association	a(ChEMBLAssay:CHEMBL997977)	{"assayType": "F", "pChEMBL": "6.10", "relation": "association", "evidence": "ChEMBL query", "citation": {"namespace": "pubmed", "identifier": "ChEMBL database"}}
m(HP:CHEMBL3988586)	association	path(ChEMBL:CHEMBL203321)	{"relation": "association", "evidence": "ChEMBL query", "citation": {"namespace": "pubmed", "identifier": "ChEMBL database"}}
bp(MOA:"Envelope phospholipase F13 (p37) inhibitor")	association	path(ChEMBL:CHEMBL1257073)	{"relation": "association", "evidence": "ChEMBL query", "citation": {"namespace": "pubmed", "identifier": "ChEMBL database"}}
path(ChEMBL:CHEMBL1257073)	association	bp(MOA:"Envelope phospholipase F13 (p37) inhibitor")	{"relation": "association", "evidence": "ChEMBL query", "citation": {"namespace": "pubmed", "identifier": "ChEMBL database"}}
path(ChEMBL:CHEMBL1257073)	association	m(HP:CHEMBL4296170)	{"relation": "association", "evidence": "ChEMBL query", "citation": {"namespace": "pubmed", "identifier": "ChEMBL database"}}
path(ChEMBL:CHEMBL1257073)	association	pop(Disease:"Virus Diseases")	{"relation": "association", "evidence": "ChEMBL query", "citation": {"namespace": "pubmed", "identifier": "ChEMBL database"}}
path(ChEMBL:CHEMBL1257073)	association	pop(Disease:Smallpox)	{"relation": "association", "evidence": "ChEMBL query", "citation": {"namespace": "pubmed", "identifier": "ChEMBL database"}}
path(ChEMBL:CHEMBL1257073)	association	a(ChEMBLAssay:CHEMBL855401)	{"assayType": "F", "pChEMBL": "7.30", "relation": "association", "evidence": "ChEMBL query", "citation": {"namespace": "pubmed", "identifier": "ChEMBL database"}}
path(ChEMBL:CHEMBL1257073)	association	a(ChEMBLAssay:CHEMBL855403)	{"assayType": "F", "pChEMBL": "7.00", "relation": "association", "evidence": "ChEMBL query", "citation": {"namespace": "pubmed", "identifier": "ChEMBL database"}}
path(ChEMBL:CHEMBL1257073)	association	a(ChEMBLAssay:CHEMBL855405)	{"assayType": "F", "pChEMBL": "6.32", "relation": "association", "evidence": "ChEMBL query", "citation": {"namespace": "pubmed", "identifier": "ChEMBL database"}}
path(ChEMBL:CHEMBL1257073)	association	a(ChEMBLAssay:CHEMBL1004216)	{"assayType": "F", "pChEMBL": "7.30", "relation": "association", "evidence": "ChEMBL query", "citation": {"namespace": "pubmed", "identifier": "ChEMBL database"}}
path(ChEMBL:CHEMBL1257073)	association	a(ChEMBLAssay:CHEMBL1004217)	{"assayType": "F", "pChEMBL": "7.00", "relation": "association", "evidence": "ChEMBL query", "citation": {"namespace": "pubmed", "identifier": "ChEMBL database"}}
m(HP:CHEMBL4296170)	association	path(ChEMBL:CHEMBL1257073)	{"relation": "association", "evidence": "ChEMBL query", "citation": {"namespace": "pubmed", "identifier": "ChEMBL database"}}
bp(MOA:"Inosine-5'-monophosphate dehydrogenase 1 inhibitor")	association	path(ChEMBL:CHEMBL1643)	{"relation": "association", "evidence": "ChEMBL query", "citation": {"namespace": "pubmed", "identifier": "ChEMBL database"}}
path(ChEMBL:CHEMBL1643)	association	bp(MOA:"Inosine-5'-monophosphate dehydrogenase 1 inhibitor")	{"relation": "association", "evidence": "ChEMBL query", "citation": {"namespace": "pubmed", "identifier": "ChEMBL database"}}
path(ChEMBL:CHEMBL1643)	association	m(HP:CHEMBL1822)	{"relation": "association", "evidence": "ChEMBL query", "citation": {"namespace": "pubmed", "identifier": "ChEMBL database"}}
path(ChEMBL:CHEMBL1643)	association	bp(MOA:"Hepatitis C virus NS5B RNA-dependent RNA polymerase inhibitor")	{"relation": "association", "evidence": "ChEMBL query", "citation": {"namespace": "pubmed", "identifier": "ChEMBL database"}}
path(ChEMBL:CHEMBL1643)	association	m(HP:CHEMBL5375)	{"relation": "association", "evidence": "ChEMBL query", "citation": {"namespace": "pubmed", "identifier": "ChEMBL database"}}
path(ChEMBL:CHEMBL1643)	association	bp(MOA:"RNA inhibitor")	{"relation": "association", "evidence": "ChEMBL query", "citation": {"namespace": "pubmed", "identifier": "ChEMBL database"}}
path(ChEMBL:CHEMBL1643)	association	m(HP:CHEMBL2363073)	{"relation": "association", "evidence": "ChEMBL query", "citation": {"namespace": "pubmed", "identifier": "ChEMBL database"}}
path(ChEMBL:CHEMBL1643)	association	pop(Disease:"Leukemia, Myeloid, Acute")	{"relation": "association", "evidence": "ChEMBL query", "citation": {"namespace": "pubmed", "identifier": "ChEMBL database"}}
path(ChEMBL:CHEMBL1643)	association	pop(Disease:"Hepatitis C, Chronic")	{"relation": "association", "evidence": "ChEMBL query", "citation": {"namespace": "pubmed", "identifier": "ChEMBL database"}}
path(ChEMBL:CHEMBL1643)	association	pop(Disease:"Hepatitis C")	{"relation": "association", "evidence": "ChEMBL query", "citation": {"namespace": "pubmed", "identifier": "ChEMBL database"}}
path(ChEMBL:CHEMBL1643)	association	pop(Disease:"Hepatitis B, Chronic")	{"relation": "association", "evidence": "ChEMBL query", "citation": {"namespace": "pubmed", "identifier": "ChEMBL database"}}
path(ChEMBL:CHEMBL1643)	association	pop(Disease:Infections)	{"relation": "association", "evidence": "ChEMBL query", "citation": {"namespace": "pubmed", "identifier": "ChEMBL database"}}
path(ChEMBL:CHEMBL1643)	association	pop(Disease:Neoplasms)	{"relation": "association", "evidence": "ChEMBL query", "citation": {"namespace": "pubmed", "identifier": "ChEMBL database"}}
path(ChEMBL:CHEMBL1643)	association	pop(Disease:"HIV Infections")	{"relation": "association", "evidence": "ChEMBL query", "citation": {"namespace": "pubmed", "identifier": "ChEMBL database"}}
path(ChEMBL:CHEMBL1643)	association	pop(Disease:"Liver Cirrhosis")	{"relation": "association", "evidence": "ChEMBL query", "citation": {"namespace": "pubmed", "identifier": "ChEMBL database"}}
path(ChEMBL:CHEMBL1643)	association	pop(Disease:"Hemorrhagic Fever with Renal Syndrome")	{"relation": "association", "evidence": "ChEMBL query", "citation": {"namespace": "pubmed", "identifier": "ChEMBL database"}}
path(ChEMBL:CHEMBL1643)	association	pop(Disease:"Hepatitis D")	{"relation": "association", "evidence": "ChEMBL query", "citation": {"namespace": "pubmed", "identifier": "ChEMBL database"}}
path(ChEMBL:CHEMBL1643)	association	pop(Disease:"Encephalitis, Japanese")	{"relation": "association", "evidence": "ChEMBL query", "citation": {"namespace": "pubmed", "identifier": "ChEMBL database"}}
path(ChEMBL:CHEMBL1643)	association	pop(Disease:"Respiratory Syncytial Virus Infections")	{"relation": "association", "evidence": "ChEMBL query", "citation": {"namespace": "pubmed", "identifier": "ChEMBL database"}}
path(ChEMBL:CHEMBL1643)	association	pop(Disease:Thrombocytopenia)	{"relation": "association", "evidence": "ChEMBL query", "citation": {"namespace": "pubmed", "identifier": "ChEMBL database"}}
path(ChEMBL:CHEMBL1643)	association	pop(Disease:Hepatitis)	{"relation": "association", "evidence": "ChEMBL query", "citation": {"namespace": "pubmed", "identifier": "ChEMBL database"}}
path(ChEMBL:CHEMBL1643)	association	pop(Disease:"Virus Diseases")	{"relation": "association", "evidence": "ChEMBL query", "citation": {"namespace": "pubmed", "identifier": "ChEMBL database"}}
path(ChEMBL:CHEMBL1643)	association	pop(Disease:Fibrosis)	{"relation": "association", "evidence": "ChEMBL query", "citation": {"namespace": "pubmed", "identifier": "ChEMBL database"}}
path(ChEMBL:CHEMBL1643)	association	pop(Disease:"Influenza, Human")	{"relation": "association", "evidence": "ChEMBL query", "citation": {"namespace": "pubmed", "identifier": "ChEMBL database"}}
path(ChEMBL:CHEMBL1643)	association	pop(Disease:"Breast Neoplasms")	{"relation": "association", "evidence": "ChEMBL query", "citation": {"namespace": "pubmed", "identifier": "ChEMBL database"}}
path(ChEMBL:CHEMBL1643)	association	pop(Disease:"Severe Acute Respiratory Syndrome")	{"relation": "association", "evidence": "ChEMBL query", "citation": {"namespace": "pubmed", "identifier": "ChEMBL database"}}
path(ChEMBL:CHEMBL1643)	association	pop(Disease:"Depressive Disorder")	{"relation": "association", "evidence": "ChEMBL query", "citation": {"namespace": "pubmed", "identifier": "ChEMBL database"}}
path(ChEMBL:CHEMBL1643)	association	pop(Disease:"Diabetes Mellitus, Type 1")	{"relation": "association", "evidence": "ChEMBL query", "citation": {"namespace": "pubmed", "identifier": "ChEMBL database"}}
path(ChEMBL:CHEMBL1643)	association	pop(Disease:"Lassa Fever")	{"relation": "association", "evidence": "ChEMBL query", "citation": {"namespace": "pubmed", "identifier": "ChEMBL database"}}
path(ChEMBL:CHEMBL1643)	association	a(ChEMBLAssay:CHEMBL674318)	{"assayType": "F", "pChEMBL": "8.30", "relation": "association", "evidence": "ChEMBL query", "citation": {"namespace": "pubmed", "identifier": "ChEMBL database"}}
path(ChEMBL:CHEMBL1643)	association	a(ChEMBLAssay:CHEMBL833100)	{"assayType": "F", "pChEMBL": "6.17", "relation": "association", "evidence": "ChEMBL query", "citation": {"namespace": "pubmed", "identifier": "ChEMBL database"}}
path(ChEMBL:CHEMBL1643)	association	a(ChEMBLAssay:CHEMBL1614544)	{"assayType": "F", "pChEMBL": "8.40", "relation": "association", "evidence": "ChEMBL query", "citation": {"namespace": "pubmed", "identifier": "ChEMBL database"}}
path(ChEMBL:CHEMBL1643)	association	a(ChEMBLAssay:CHEMBL1613997)	{"assayType": "F", "pChEMBL": "7.30", "relation": "association", "evidence": "ChEMBL query", "citation": {"namespace": "pubmed", "identifier": "ChEMBL database"}}
path(ChEMBL:CHEMBL1643)	association	a(ChEMBLAssay:CHEMBL1614108)	{"assayType": "A", "pChEMBL": "6.10", "relation": "association", "evidence": "ChEMBL query", "citation": {"namespace": "pubmed", "identifier": "ChEMBL database"}}
m(HP:CHEMBL1822)	association	path(ChEMBL:CHEMBL1643)	{"relation": "association", "evidence": "ChEMBL query", "citation": {"namespace": "pubmed", "identifier": "ChEMBL database"}}
bp(MOA:"Hepatitis C virus NS5B RNA-dependent RNA polymerase inhibitor")	association	path(ChEMBL:CHEMBL1643)	{"relation": "association", "evidence": "ChEMBL query", "citation": {"namespace": "pubmed", "identifier": "ChEMBL database"}}
m(HP:CHEMBL5375)	association	path(ChEMBL:CHEMBL1643)	{"relation": "association", "evidence": "ChEMBL query", "citation": {"namespace": "pubmed", "identifier": "ChEMBL database"}}
bp(MOA:"RNA inhibitor")	association	path(ChEMBL:CHEMBL1643)	{"relation": "association", "evidence": "ChEMBL query", "citation": {"namespace": "pubmed", "identifier": "ChEMBL database"}}
m(HP:CHEMBL2363073)	association	path(ChEMBL:CHEMBL1643)	{"relation": "association", "evidence": "ChEMBL query", "citation": {"namespace": "pubmed", "identifier": "ChEMBL database"}}
pop(Disease:"Virus Diseases")	association	path(ChEMBL:CHEMBL152)	{"relation": "association", "evidence": "ChEMBL query", "citation": {"namespace": "pubmed", "identifier": "ChEMBL database"}}
pop(Disease:"Virus Diseases")	association	path(ChEMBL:CHEMBL203321)	{"relation": "association", "evidence": "ChEMBL query", "citation": {"namespace": "pubmed", "identifier": "ChEMBL database"}}
pop(Disease:"Virus Diseases")	association	path(ChEMBL:CHEMBL1257073)	{"relation": "association", "evidence": "ChEMBL query", "citation": {"namespace": "pubmed", "identifier": "ChEMBL database"}}
pop(Disease:"Virus Diseases")	association	path(ChEMBL:CHEMBL1643)	{"relation": "association", "evidence": "ChEMBL query", "citation": {"namespace": "pubmed", "identifier": "ChEMBL database"}}
pop(Disease:Infections)	association	path(ChEMBL:CHEMBL152)	{"relation": "association", "evidence": "ChEMBL query", "citation": {"namespace": "pubmed", "identifier": "ChEMBL database"}}
pop(Disease:Infections)	association	path(ChEMBL:CHEMBL1643)	{"relation": "association", "evidence": "ChEMBL query", "citation": {"namespace": "pubmed", "identifier": "ChEMBL database"}}
pop(Disease:"Kidney Diseases")	association	path(ChEMBL:CHEMBL152)	{"relation": "association", "evidence": "ChEMBL query", "citation": {"namespace": "pubmed", "identifier": "ChEMBL database"}}
pop(Disease:Sarcoma)	association	path(ChEMBL:CHEMBL152)	{"relation": "association", "evidence": "ChEMBL query", "citation": {"namespace": "pubmed", "identifier": "ChEMBL database"}}
pop(Disease:"Uterine Cervical Dysplasia")	association	path(ChEMBL:CHEMBL152)	{"relation": "association", "evidence": "ChEMBL query", "citation": {"namespace": "pubmed", "identifier": "ChEMBL database"}}
pop(Disease:"Cytomegalovirus Infections")	association	path(ChEMBL:CHEMBL152)	{"relation": "association", "evidence": "ChEMBL query", "citation": {"namespace": "pubmed", "identifier": "ChEMBL database"}}
pop(Disease:"Cytomegalovirus Infections")	association	path(ChEMBL:CHEMBL203321)	{"relation": "association", "evidence": "ChEMBL query", "citation": {"namespace": "pubmed", "identifier": "ChEMBL database"}}
pop(Disease:"Cytomegalovirus Retinitis")	association	path(ChEMBL:CHEMBL152)	{"relation": "association", "evidence": "ChEMBL query", "citation": {"namespace": "pubmed", "identifier": "ChEMBL database"}}
pop(Disease:"Anus Neoplasms")	association	path(ChEMBL:CHEMBL152)	{"relation": "association", "evidence": "ChEMBL query", "citation": {"namespace": "pubmed", "identifier": "ChEMBL database"}}
pop(Disease:Papilloma)	association	path(ChEMBL:CHEMBL152)	{"relation": "association", "evidence": "ChEMBL query", "citation": {"namespace": "pubmed", "identifier": "ChEMBL database"}}
pop(Disease:"Uterine Cervical Neoplasms")	association	path(ChEMBL:CHEMBL152)	{"relation": "association", "evidence": "ChEMBL query", "citation": {"namespace": "pubmed", "identifier": "ChEMBL database"}}
pop(Disease:"Herpes Simplex")	association	path(ChEMBL:CHEMBL152)	{"relation": "association", "evidence": "ChEMBL query", "citation": {"namespace": "pubmed", "identifier": "ChEMBL database"}}
pop(Disease:"Primary Immunodeficiency Diseases")	association	path(ChEMBL:CHEMBL152)	{"relation": "association", "evidence": "ChEMBL query", "citation": {"namespace": "pubmed", "identifier": "ChEMBL database"}}
pop(Disease:"Hemorrhagic Fever, Ebola")	association	path(ChEMBL:CHEMBL203321)	{"relation": "association", "evidence": "ChEMBL query", "citation": {"namespace": "pubmed", "identifier": "ChEMBL database"}}
pop(Disease:"Adenovirus Infections, Human")	association	path(ChEMBL:CHEMBL203321)	{"relation": "association", "evidence": "ChEMBL query", "citation": {"namespace": "pubmed", "identifier": "ChEMBL database"}}
pop(Disease:"Adenoviridae Infections")	association	path(ChEMBL:CHEMBL203321)	{"relation": "association", "evidence": "ChEMBL query", "citation": {"namespace": "pubmed", "identifier": "ChEMBL database"}}
pop(Disease:Smallpox)	association	path(ChEMBL:CHEMBL203321)	{"relation": "association", "evidence": "ChEMBL query", "citation": {"namespace": "pubmed", "identifier": "ChEMBL database"}}
pop(Disease:Smallpox)	association	path(ChEMBL:CHEMBL1257073)	{"relation": "association", "evidence": "ChEMBL query", "citation": {"namespace": "pubmed", "identifier": "ChEMBL database"}}
pop(Disease:"Leukemia, Myeloid, Acute")	association	path(ChEMBL:CHEMBL1643)	{"relation": "association", "evidence": "ChEMBL query", "citation": {"namespace": "pubmed", "identifier": "ChEMBL database"}}
pop(Disease:"Hepatitis C, Chronic")	association	path(ChEMBL:CHEMBL1643)	{"relation": "association", "evidence": "ChEMBL query", "citation": {"namespace": "pubmed", "identifier": "ChEMBL database"}}
pop(Disease:"Hepatitis C")	association	path(ChEMBL:CHEMBL1643)	{"relation": "association", "evidence": "ChEMBL query", "citation": {"namespace": "pubmed", "identifier": "ChEMBL database"}}
pop(Disease:"Hepatitis B, Chronic")	association	path(ChEMBL:CHEMBL1643)	{"relation": "association", "evidence": "ChEMBL query", "citation": {"namespace": "pubmed", "identifier": "ChEMBL database"}}
pop(Disease:Neoplasms)	association	path(ChEMBL:CHEMBL1643)	{"relation": "association", "evidence": "ChEMBL query", "citation": {"namespace": "pubmed", "identifier": "ChEMBL database"}}
pop(Disease:"HIV Infections")	association	path(ChEMBL:CHEMBL1643)	{"relation": "association", "evidence": "ChEMBL query", "citation": {"namespace": "pubmed", "identifier": "ChEMBL database"}}
pop(Disease:"Liver Cirrhosis")	association	path(ChEMBL:CHEMBL1643)	{"relation": "association", "evidence": "ChEMBL query", "citation": {"namespace": "pubmed", "identifier": "ChEMBL database"}}
pop(Disease:"Hemorrhagic Fever with Renal Syndrome")	association	path(ChEMBL:CHEMBL1643)	{"relation": "association", "evidence": "ChEMBL query", "citation": {"namespace": "pubmed", "identifier": "ChEMBL database"}}
pop(Disease:"Hepatitis D")	association	path(ChEMBL:CHEMBL1643)	{"relation": "association", "evidence": "ChEMBL query", "citation": {"namespace": "pubmed", "identifier": "ChEMBL database"}}
pop(Disease:"Encephalitis, Japanese")	association	path(ChEMBL:CHEMBL1643)	{"relation": "association", "evidence": "ChEMBL query", "citation": {"namespace": "pubmed", "identifier": "ChEMBL database"}}
pop(Disease:"Respiratory Syncytial Virus Infections")	association	path(ChEMBL:CHEMBL1643)	{"relation": "association", "evidence": "ChEMBL query", "citation": {"namespace": "pubmed", "identifier": "ChEMBL database"}}
pop(Disease:Thrombocytopenia)	association	path(ChEMBL:CHEMBL1643)	{"relation": "association", "evidence": "ChEMBL query", "citation": {"namespace": "pubmed", "identifier": "ChEMBL database"}}
pop(Disease:Hepatitis)	association	path(ChEMBL:CHEMBL1643)	{"relation": "association", "evidence": "ChEMBL query", "citation": {"namespace": "pubmed", "identifier": "ChEMBL database"}}
pop(Disease:Fibrosis)	association	path(ChEMBL:CHEMBL1643)	{"relation": "association", "evidence": "ChEMBL query", "citation": {"namespace": "pubmed", "identifier": "ChEMBL database"}}
pop(Disease:"Influenza, Human")	association	path(ChEMBL:CHEMBL1643)	{"relation": "association", "evidence": "ChEMBL query", "citation": {"namespace": "pubmed", "identifier": "ChEMBL database"}}
pop(Disease:"Breast Neoplasms")	association	path(ChEMBL:CHEMBL1643)	{"relation": "association", "evidence": "ChEMBL query", "citation": {"namespace": "pubmed", "identifier": "ChEMBL database"}}
pop(Disease:"Severe Acute Respiratory Syndrome")	association	path(ChEMBL:CHEMBL1643)	{"relation": "association", "evidence": "ChEMBL query", "citation": {"namespace": "pubmed", "identifier": "ChEMBL database"}}
pop(Disease:"Depressive Disorder")	association	path(ChEMBL:CHEMBL1643)	{"relation": "association", "evidence": "ChEMBL query", "citation": {"namespace": "pubmed", "identifier": "ChEMBL database"}}
pop(Disease:"Diabetes Mellitus, Type 1")	association	path(ChEMBL:CHEMBL1643)	{"relation": "association", "evidence": "ChEMBL query", "citation": {"namespace": "pubmed", "identifier": "ChEMBL database"}}
pop(Disease:"Lassa Fever")	association	path(ChEMBL:CHEMBL1643)	{"relation": "association", "evidence": "ChEMBL query", "citation": {"namespace": "pubmed", "identifier": "ChEMBL database"}}
m(HP:CHEMBL614200)	association	a(ChEMBLAssay:CHEMBL746888)	{"relation": "association", "evidence": "ChEMBL query", "citation": {"namespace": "pubmed", "identifier": "ChEMBL database"}}
a(ChEMBLAssay:CHEMBL746888)	association	m(HP:CHEMBL614200)	{"relation": "association", "evidence": "ChEMBL query", "citation": {"namespace": "pubmed", "identifier": "ChEMBL database"}}
a(ChEMBLAssay:CHEMBL746888)	association	path(ChEMBL:CHEMBL152)	{"assayType": "F", "pChEMBL": "6.30", "relation": "association", "evidence": "ChEMBL query", "citation": {"namespace": "pubmed", "identifier": "ChEMBL database"}}
m(HP:CHEMBL613888)	association	a(ChEMBLAssay:CHEMBL689980)	{"relation": "association", "evidence": "ChEMBL query", "citation": {"namespace": "pubmed", "identifier": "ChEMBL database"}}
m(HP:CHEMBL613888)	association	a(ChEMBLAssay:CHEMBL689981)	{"relation": "association", "evidence": "ChEMBL query", "citation": {"namespace": "pubmed", "identifier": "ChEMBL database"}}
m(HP:CHEMBL613888)	association	a(ChEMBLAssay:CHEMBL689978)	{"relation": "association", "evidence": "ChEMBL query", "citation": {"namespace": "pubmed", "identifier": "ChEMBL database"}}
m(HP:CHEMBL613888)	association	a(ChEMBLAssay:CHEMBL689979)	{"relation": "association", "evidence": "ChEMBL query", "citation": {"namespace": "pubmed", "identifier": "ChEMBL database"}}
a(ChEMBLAssay:CHEMBL689980)	association	m(HP:CHEMBL613888)	{"relation": "association", "evidence": "ChEMBL query", "citation": {"namespace": "pubmed", "identifier": "ChEMBL database"}}
a(ChEMBLAssay:CHEMBL689980)	association	path(ChEMBL:CHEMBL152)	{"assayType": "F", "pChEMBL": "6.22", "relation": "association", "evidence": "ChEMBL query", "citation": {"namespace": "pubmed", "identifier": "ChEMBL database"}}
a(ChEMBLAssay:CHEMBL689981)	association	m(HP:CHEMBL613888)	{"relation": "association", "evidence": "ChEMBL query", "citation": {"namespace": "pubmed", "identifier": "ChEMBL database"}}
a(ChEMBLAssay:CHEMBL689981)	association	path(ChEMBL:CHEMBL152)	{"assayType": "F", "pChEMBL": "6.00", "relation": "association", "evidence": "ChEMBL query", "citation": {"namespace": "pubmed", "identifier": "ChEMBL database"}}
a(ChEMBLAssay:CHEMBL689978)	association	m(HP:CHEMBL613888)	{"relation": "association", "evidence": "ChEMBL query", "citation": {"namespace": "pubmed", "identifier": "ChEMBL database"}}
a(ChEMBLAssay:CHEMBL689978)	association	path(ChEMBL:CHEMBL152)	{"assayType": "F", "pChEMBL": "6.80", "relation": "association", "evidence": "ChEMBL query", "citation": {"namespace": "pubmed", "identifier": "ChEMBL database"}}
a(ChEMBLAssay:CHEMBL689979)	association	m(HP:CHEMBL613888)	{"relation": "association", "evidence": "ChEMBL query", "citation": {"namespace": "pubmed", "identifier": "ChEMBL database"}}
a(ChEMBLAssay:CHEMBL689979)	association	path(ChEMBL:CHEMBL152)	{"assayType": "F", "pChEMBL": "6.30", "relation": "association", "evidence": "ChEMBL query", "citation": {"namespace": "pubmed", "identifier": "ChEMBL database"}}
m(HP:CHEMBL371)	association	a(ChEMBLAssay:CHEMBL859211)	{"relation": "association", "evidence": "ChEMBL query", "citation": {"namespace": "pubmed", "identifier": "ChEMBL database"}}
m(HP:CHEMBL371)	association	a(ChEMBLAssay:CHEMBL1803177)	{"relation": "association", "evidence": "ChEMBL query", "citation": {"namespace": "pubmed", "identifier": "ChEMBL database"}}
m(HP:CHEMBL371)	association	a(ChEMBLAssay:CHEMBL1931884)	{"relation": "association", "evidence": "ChEMBL query", "citation": {"namespace": "pubmed", "identifier": "ChEMBL database"}}
a(ChEMBLAssay:CHEMBL859211)	association	m(HP:CHEMBL371)	{"relation": "association", "evidence": "ChEMBL query", "citation": {"namespace": "pubmed", "identifier": "ChEMBL database"}}
a(ChEMBLAssay:CHEMBL859211)	association	path(ChEMBL:CHEMBL203321)	{"assayType": "F", "pChEMBL": "9.05", "relation": "association", "evidence": "ChEMBL query", "citation": {"namespace": "pubmed", "identifier": "ChEMBL database"}}
m(HP:CHEMBL613495)	association	a(ChEMBLAssay:CHEMBL859223)	{"relation": "association", "evidence": "ChEMBL query", "citation": {"namespace": "pubmed", "identifier": "ChEMBL database"}}
a(ChEMBLAssay:CHEMBL859223)	association	m(HP:CHEMBL613495)	{"relation": "association", "evidence": "ChEMBL query", "citation": {"namespace": "pubmed", "identifier": "ChEMBL database"}}
a(ChEMBLAssay:CHEMBL859223)	association	path(ChEMBL:CHEMBL203321)	{"assayType": "F", "pChEMBL": "9.05", "relation": "association", "evidence": "ChEMBL query", "citation": {"namespace": "pubmed", "identifier": "ChEMBL database"}}
m(HP:CHEMBL613493)	association	a(ChEMBLAssay:CHEMBL860527)	{"relation": "association", "evidence": "ChEMBL query", "citation": {"namespace": "pubmed", "identifier": "ChEMBL database"}}
m(HP:CHEMBL613493)	association	a(ChEMBLAssay:CHEMBL855401)	{"relation": "association", "evidence": "ChEMBL query", "citation": {"namespace": "pubmed", "identifier": "ChEMBL database"}}
m(HP:CHEMBL613493)	association	a(ChEMBLAssay:CHEMBL855403)	{"relation": "association", "evidence": "ChEMBL query", "citation": {"namespace": "pubmed", "identifier": "ChEMBL database"}}
m(HP:CHEMBL613493)	association	a(ChEMBLAssay:CHEMBL918571)	{"relation": "association", "evidence": "ChEMBL query", "citation": {"namespace": "pubmed", "identifier": "ChEMBL database"}}
a(ChEMBLAssay:CHEMBL860527)	association	m(HP:CHEMBL613493)	{"relation": "association", "evidence": "ChEMBL query", "citation": {"namespace": "pubmed", "identifier": "ChEMBL database"}}
a(ChEMBLAssay:CHEMBL860527)	association	path(ChEMBL:CHEMBL203321)	{"assayType": "F", "pChEMBL": "7.10", "relation": "association", "evidence": "ChEMBL query", "citation": {"namespace": "pubmed", "identifier": "ChEMBL database"}}
m(HP:CHEMBL612672)	association	a(ChEMBLAssay:CHEMBL860529)	{"relation": "association", "evidence": "ChEMBL query", "citation": {"namespace": "pubmed", "identifier": "ChEMBL database"}}
m(HP:CHEMBL612672)	association	a(ChEMBLAssay:CHEMBL855405)	{"relation": "association", "evidence": "ChEMBL query", "citation": {"namespace": "pubmed", "identifier": "ChEMBL database"}}
m(HP:CHEMBL612672)	association	a(ChEMBLAssay:CHEMBL918572)	{"relation": "association", "evidence": "ChEMBL query", "citation": {"namespace": "pubmed", "identifier": "ChEMBL database"}}
m(HP:CHEMBL612672)	association	a(ChEMBLAssay:CHEMBL918573)	{"relation": "association", "evidence": "ChEMBL query", "citation": {"namespace": "pubmed", "identifier": "ChEMBL database"}}
m(HP:CHEMBL612672)	association	a(ChEMBLAssay:CHEMBL2400652)	{"relation": "association", "evidence": "ChEMBL query", "citation": {"namespace": "pubmed", "identifier": "ChEMBL database"}}
a(ChEMBLAssay:CHEMBL860529)	association	m(HP:CHEMBL612672)	{"relation": "association", "evidence": "ChEMBL query", "citation": {"namespace": "pubmed", "identifier": "ChEMBL database"}}
a(ChEMBLAssay:CHEMBL860529)	association	path(ChEMBL:CHEMBL203321)	{"assayType": "F", "pChEMBL": "7.22", "relation": "association", "evidence": "ChEMBL query", "citation": {"namespace": "pubmed", "identifier": "ChEMBL database"}}
m(HP:CHEMBL613167)	association	a(ChEMBLAssay:CHEMBL997977)	{"relation": "association", "evidence": "ChEMBL query", "citation": {"namespace": "pubmed", "identifier": "ChEMBL database"}}
m(HP:CHEMBL613167)	association	a(ChEMBLAssay:CHEMBL1004216)	{"relation": "association", "evidence": "ChEMBL query", "citation": {"namespace": "pubmed", "identifier": "ChEMBL database"}}
m(HP:CHEMBL613167)	association	a(ChEMBLAssay:CHEMBL1931882)	{"relation": "association", "evidence": "ChEMBL query", "citation": {"namespace": "pubmed", "identifier": "ChEMBL database"}}
a(ChEMBLAssay:CHEMBL997977)	association	m(HP:CHEMBL613167)	{"relation": "association", "evidence": "ChEMBL query", "citation": {"namespace": "pubmed", "identifier": "ChEMBL database"}}
a(ChEMBLAssay:CHEMBL997977)	association	path(ChEMBL:CHEMBL203321)	{"assayType": "F", "pChEMBL": "6.10", "relation": "association", "evidence": "ChEMBL query", "citation": {"namespace": "pubmed", "identifier": "ChEMBL database"}}
a(ChEMBLAssay:CHEMBL855401)	association	m(HP:CHEMBL613493)	{"relation": "association", "evidence": "ChEMBL query", "citation": {"namespace": "pubmed", "identifier": "ChEMBL database"}}
a(ChEMBLAssay:CHEMBL855401)	association	path(ChEMBL:CHEMBL1257073)	{"assayType": "F", "pChEMBL": "7.30", "relation": "association", "evidence": "ChEMBL query", "citation": {"namespace": "pubmed", "identifier": "ChEMBL database"}}
a(ChEMBLAssay:CHEMBL855403)	association	m(HP:CHEMBL613493)	{"relation": "association", "evidence": "ChEMBL query", "citation": {"namespace": "pubmed", "identifier": "ChEMBL database"}}
a(ChEMBLAssay:CHEMBL855403)	association	path(ChEMBL:CHEMBL1257073)	{"assayType": "F", "pChEMBL": "7.00", "relation": "association", "evidence": "ChEMBL query", "citation": {"namespace": "pubmed", "identifier": "ChEMBL database"}}
a(ChEMBLAssay:CHEMBL855405)	association	m(HP:CHEMBL612672)	{"relation": "association", "evidence": "ChEMBL query", "citation": {"namespace": "pubmed", "identifier": "ChEMBL database"}}
a(ChEMBLAssay:CHEMBL855405)	association	path(ChEMBL:CHEMBL1257073)	{"assayType": "F", "pChEMBL": "6.32", "relation": "association", "evidence": "ChEMBL query", "citation": {"namespace": "pubmed", "identifier": "ChEMBL database"}}
a(ChEMBLAssay:CHEMBL1004216)	association	m(HP:CHEMBL613167)	{"relation": "association", "evidence": "ChEMBL query", "citation": {"namespace": "pubmed", "identifier": "ChEMBL database"}}
a(ChEMBLAssay:CHEMBL1004216)	association	path(ChEMBL:CHEMBL1257073)	{"assayType": "F", "pChEMBL": "7.30", "relation": "association", "evidence": "ChEMBL query", "citation": {"namespace": "pubmed", "identifier": "ChEMBL database"}}
m(HP:CHEMBL613168)	association	a(ChEMBLAssay:CHEMBL1004217)	{"relation": "association", "evidence": "ChEMBL query", "citation": {"namespace": "pubmed", "identifier": "ChEMBL database"}}
a(ChEMBLAssay:CHEMBL1004217)	association	m(HP:CHEMBL613168)	{"relation": "association", "evidence": "ChEMBL query", "citation": {"namespace": "pubmed", "identifier": "ChEMBL database"}}
a(ChEMBLAssay:CHEMBL1004217)	association	path(ChEMBL:CHEMBL1257073)	{"assayType": "F", "pChEMBL": "7.00", "relation": "association", "evidence": "ChEMBL query", "citation": {"namespace": "pubmed", "identifier": "ChEMBL database"}}
a(ChEMBLAssay:CHEMBL918571)	association	m(HP:CHEMBL613493)	{"relation": "association", "evidence": "ChEMBL query", "citation": {"namespace": "pubmed", "identifier": "ChEMBL database"}}
a(ChEMBLAssay:CHEMBL918571)	association	path(ChEMBL:CHEMBL375768)	{"assayType": "F", "pChEMBL": "7.70", "relation": "association", "evidence": "ChEMBL query", "citation": {"namespace": "pubmed", "identifier": "ChEMBL database"}}
a(ChEMBLAssay:CHEMBL918571)	association	path(ChEMBL:CHEMBL220150)	{"assayType": "F", "pChEMBL": "6.30", "relation": "association", "evidence": "ChEMBL query", "citation": {"namespace": "pubmed", "identifier": "ChEMBL database"}}
a(ChEMBLAssay:CHEMBL918571)	association	path(ChEMBL:CHEMBL220610)	{"assayType": "F", "pChEMBL": "7.70", "relation": "association", "evidence": "ChEMBL query", "citation": {"namespace": "pubmed", "identifier": "ChEMBL database"}}
a(ChEMBLAssay:CHEMBL918571)	association	path(ChEMBL:CHEMBL221054)	{"assayType": "F", "pChEMBL": "7.40", "relation": "association", "evidence": "ChEMBL query", "citation": {"namespace": "pubmed", "identifier": "ChEMBL database"}}
path(ChEMBL:CHEMBL375768)	association	a(ChEMBLAssay:CHEMBL918571)	{"assayType": "F", "pChEMBL": "7.70", "relation": "association", "evidence": "ChEMBL query", "citation": {"namespace": "pubmed", "identifier": "ChEMBL database"}}
path(ChEMBL:CHEMBL375768)	association	a(ChEMBLAssay:CHEMBL918572)	{"assayType": "F", "pChEMBL": "6.52", "relation": "association", "evidence": "ChEMBL query", "citation": {"namespace": "pubmed", "identifier": "ChEMBL database"}}
path(ChEMBL:CHEMBL375768)	association	a(ChEMBLAssay:CHEMBL918573)	{"assayType": "F", "pChEMBL": "7.70", "relation": "association", "evidence": "ChEMBL query", "citation": {"namespace": "pubmed", "identifier": "ChEMBL database"}}
path(ChEMBL:CHEMBL375768)	association	a(ChEMBLAssay:CHEMBL918575)	{"assayType": "F", "pChEMBL": "7.10", "relation": "association", "evidence": "ChEMBL query", "citation": {"namespace": "pubmed", "identifier": "ChEMBL database"}}
path(ChEMBL:CHEMBL375768)	association	a(ChEMBLAssay:CHEMBL918576)	{"assayType": "F", "pChEMBL": "7.52", "relation": "association", "evidence": "ChEMBL query", "citation": {"namespace": "pubmed", "identifier": "ChEMBL database"}}
a(ChEMBLAssay:CHEMBL918572)	association	m(HP:CHEMBL612672)	{"relation": "association", "evidence": "ChEMBL query", "citation": {"namespace": "pubmed", "identifier": "ChEMBL database"}}
a(ChEMBLAssay:CHEMBL918572)	association	path(ChEMBL:CHEMBL375768)	{"assayType": "F", "pChEMBL": "6.52", "relation": "association", "evidence": "ChEMBL query", "citation": {"namespace": "pubmed", "identifier": "ChEMBL database"}}
a(ChEMBLAssay:CHEMBL918572)	association	path(ChEMBL:CHEMBL221054)	{"assayType": "F", "pChEMBL": "6.22", "relation": "association", "evidence": "ChEMBL query", "citation": {"namespace": "pubmed", "identifier": "ChEMBL database"}}
a(ChEMBLAssay:CHEMBL918573)	association	m(HP:CHEMBL612672)	{"relation": "association", "evidence": "ChEMBL query", "citation": {"namespace": "pubmed", "identifier": "ChEMBL database"}}
a(ChEMBLAssay:CHEMBL918573)	association	path(ChEMBL:CHEMBL375768)	{"assayType": "F", "pChEMBL": "7.70", "relation": "association", "evidence": "ChEMBL query", "citation": {"namespace": "pubmed", "identifier": "ChEMBL database"}}
a(ChEMBLAssay:CHEMBL918573)	association	path(ChEMBL:CHEMBL220610)	{"assayType": "F", "pChEMBL": "7.00", "relation": "association", "evidence": "ChEMBL query", "citation": {"namespace": "pubmed", "identifier": "ChEMBL database"}}
a(ChEMBLAssay:CHEMBL918573)	association	path(ChEMBL:CHEMBL221054)	{"assayType": "F", "pChEMBL": "7.16", "relation": "association", "evidence": "ChEMBL query", "citation": {"namespace": "pubmed", "identifier": "ChEMBL database"}}
m(HP:CHEMBL613120)	association	a(ChEMBLAssay:CHEMBL918575)	{"relation": "association", "evidence": "ChEMBL query", "citation": {"namespace": "pubmed", "identifier": "ChEMBL database"}}
a(ChEMBLAssay:CHEMBL918575)	association	m(HP:CHEMBL613120)	{"relation": "association", "evidence": "ChEMBL query", "citation": {"namespace": "pubmed", "identifier": "ChEMBL database"}}
a(ChEMBLAssay:CHEMBL918575)	association	path(ChEMBL:CHEMBL375768)	{"assayType": "F", "pChEMBL": "7.10", "relation": "association", "evidence": "ChEMBL query", "citation": {"namespace": "pubmed", "identifier": "ChEMBL database"}}
a(ChEMBLAssay:CHEMBL918575)	association	path(ChEMBL:CHEMBL220150)	{"assayType": "F", "pChEMBL": "6.82", "relation": "association", "evidence": "ChEMBL query", "citation": {"namespace": "pubmed", "identifier": "ChEMBL database"}}
a(ChEMBLAssay:CHEMBL918575)	association	path(ChEMBL:CHEMBL220610)	{"assayType": "F", "pChEMBL": "8.00", "relation": "association", "evidence": "ChEMBL query", "citation": {"namespace": "pubmed", "identifier": "ChEMBL database"}}
a(ChEMBLAssay:CHEMBL918575)	association	path(ChEMBL:CHEMBL221054)	{"assayType": "F", "pChEMBL": "8.00", "relation": "association", "evidence": "ChEMBL query", "citation": {"namespace": "pubmed", "identifier": "ChEMBL database"}}
m(HP:CHEMBL613332)	association	a(ChEMBLAssay:CHEMBL918576)	{"relation": "association", "evidence": "ChEMBL query", "citation": {"namespace": "pubmed", "identifier": "ChEMBL database"}}
m(HP:CHEMBL613332)	association	a(ChEMBLAssay:CHEMBL995355)	{"relation": "association", "evidence": "ChEMBL query", "citation": {"namespace": "pubmed", "identifier": "ChEMBL database"}}
m(HP:CHEMBL613332)	association	a(ChEMBLAssay:CHEMBL995354)	{"relation": "association", "evidence": "ChEMBL query", "citation": {"namespace": "pubmed", "identifier": "ChEMBL database"}}
a(ChEMBLAssay:CHEMBL918576)	association	m(HP:CHEMBL613332)	{"relation": "association", "evidence": "ChEMBL query", "citation": {"namespace": "pubmed", "identifier": "ChEMBL database"}}
a(ChEMBLAssay:CHEMBL918576)	association	path(ChEMBL:CHEMBL375768)	{"assayType": "F", "pChEMBL": "7.52", "relation": "association", "evidence": "ChEMBL query", "citation": {"namespace": "pubmed", "identifier": "ChEMBL database"}}
a(ChEMBLAssay:CHEMBL918576)	association	path(ChEMBL:CHEMBL220150)	{"assayType": "F", "pChEMBL": "6.96", "relation": "association", "evidence": "ChEMBL query", "citation": {"namespace": "pubmed", "identifier": "ChEMBL database"}}
a(ChEMBLAssay:CHEMBL918576)	association	path(ChEMBL:CHEMBL220610)	{"assayType": "F", "pChEMBL": "8.00", "relation": "association", "evidence": "ChEMBL query", "citation": {"namespace": "pubmed", "identifier": "ChEMBL database"}}
a(ChEMBLAssay:CHEMBL918576)	association	path(ChEMBL:CHEMBL221054)	{"assayType": "F", "pChEMBL": "8.00", "relation": "association", "evidence": "ChEMBL query", "citation": {"namespace": "pubmed", "identifier": "ChEMBL database"}}
m(HP:CHEMBL612545)	association	a(ChEMBLAssay:CHEMBL3387285)	{"relation": "association", "evidence": "ChEMBL query", "citation": {"namespace": "pubmed", "identifier": "ChEMBL database"}}
a(ChEMBLAssay:CHEMBL3387285)	association	m(HP:CHEMBL612545)	{"relation": "association", "evidence": "ChEMBL query", "citation": {"namespace": "pubmed", "identifier": "ChEMBL database"}}
a(ChEMBLAssay:CHEMBL3387285)	association	path(ChEMBL:CHEMBL3357216)	{"assayType": "B", "pChEMBL": "8.05", "relation": "association", "evidence": "ChEMBL query", "citation": {"namespace": "pubmed", "identifier": "ChEMBL database"}}
a(ChEMBLAssay:CHEMBL3387285)	association	path(ChEMBL:CHEMBL3357215)	{"assayType": "B", "pChEMBL": "7.54", "relation": "association", "evidence": "ChEMBL query", "citation": {"namespace": "pubmed", "identifier": "ChEMBL database"}}
a(ChEMBLAssay:CHEMBL3387285)	association	path(ChEMBL:CHEMBL3290663)	{"assayType": "B", "pChEMBL": "8.24", "relation": "association", "evidence": "ChEMBL query", "citation": {"namespace": "pubmed", "identifier": "ChEMBL database"}}
path(ChEMBL:CHEMBL3357216)	association	a(ChEMBLAssay:CHEMBL3387285)	{"assayType": "B", "pChEMBL": "8.05", "relation": "association", "evidence": "ChEMBL query", "citation": {"namespace": "pubmed", "identifier": "ChEMBL database"}}
path(ChEMBL:CHEMBL3357215)	association	a(ChEMBLAssay:CHEMBL3387285)	{"assayType": "B", "pChEMBL": "7.54", "relation": "association", "evidence": "ChEMBL query", "citation": {"namespace": "pubmed", "identifier": "ChEMBL database"}}
path(ChEMBL:CHEMBL220150)	association	a(ChEMBLAssay:CHEMBL918571)	{"assayType": "F", "pChEMBL": "6.30", "relation": "association", "evidence": "ChEMBL query", "citation": {"namespace": "pubmed", "identifier": "ChEMBL database"}}
path(ChEMBL:CHEMBL220150)	association	a(ChEMBLAssay:CHEMBL918575)	{"assayType": "F", "pChEMBL": "6.82", "relation": "association", "evidence": "ChEMBL query", "citation": {"namespace": "pubmed", "identifier": "ChEMBL database"}}
path(ChEMBL:CHEMBL220150)	association	a(ChEMBLAssay:CHEMBL918576)	{"assayType": "F", "pChEMBL": "6.96", "relation": "association", "evidence": "ChEMBL query", "citation": {"namespace": "pubmed", "identifier": "ChEMBL database"}}
path(ChEMBL:CHEMBL220150)	association	a(ChEMBLAssay:CHEMBL918577)	{"assayType": "F", "pChEMBL": "6.66", "relation": "association", "evidence": "ChEMBL query", "citation": {"namespace": "pubmed", "identifier": "ChEMBL database"}}
path(ChEMBL:CHEMBL220150)	association	a(ChEMBLAssay:CHEMBL918578)	{"assayType": "F", "pChEMBL": "6.40", "relation": "association", "evidence": "ChEMBL query", "citation": {"namespace": "pubmed", "identifier": "ChEMBL database"}}
m(HP:CHEMBL613494)	association	a(ChEMBLAssay:CHEMBL918577)	{"relation": "association", "evidence": "ChEMBL query", "citation": {"namespace": "pubmed", "identifier": "ChEMBL database"}}
m(HP:CHEMBL613494)	association	a(ChEMBLAssay:CHEMBL918578)	{"relation": "association", "evidence": "ChEMBL query", "citation": {"namespace": "pubmed", "identifier": "ChEMBL database"}}
a(ChEMBLAssay:CHEMBL918577)	association	m(HP:CHEMBL613494)	{"relation": "association", "evidence": "ChEMBL query", "citation": {"namespace": "pubmed", "identifier": "ChEMBL database"}}
a(ChEMBLAssay:CHEMBL918577)	association	path(ChEMBL:CHEMBL220150)	{"assayType": "F", "pChEMBL": "6.66", "relation": "association", "evidence": "ChEMBL query", "citation": {"namespace": "pubmed", "identifier": "ChEMBL database"}}
a(ChEMBLAssay:CHEMBL918577)	association	path(ChEMBL:CHEMBL220610)	{"assayType": "F", "pChEMBL": "7.70", "relation": "association", "evidence": "ChEMBL query", "citation": {"namespace": "pubmed", "identifier": "ChEMBL database"}}
a(ChEMBLAssay:CHEMBL918578)	association	m(HP:CHEMBL613494)	{"relation": "association", "evidence": "ChEMBL query", "citation": {"namespace": "pubmed", "identifier": "ChEMBL database"}}
a(ChEMBLAssay:CHEMBL918578)	association	path(ChEMBL:CHEMBL220150)	{"assayType": "F", "pChEMBL": "6.40", "relation": "association", "evidence": "ChEMBL query", "citation": {"namespace": "pubmed", "identifier": "ChEMBL database"}}
m(HP:CHEMBL4434621)	association	a(ChEMBLAssay:CHEMBL4336406)	{"relation": "association", "evidence": "ChEMBL query", "citation": {"namespace": "pubmed", "identifier": "ChEMBL database"}}
a(ChEMBLAssay:CHEMBL4336406)	association	m(HP:CHEMBL4434621)	{"relation": "association", "evidence": "ChEMBL query", "citation": {"namespace": "pubmed", "identifier": "ChEMBL database"}}
a(ChEMBLAssay:CHEMBL4336406)	association	path(ChEMBL:CHEMBL4565849)	{"assayType": "F", "pChEMBL": "6.37", "relation": "association", "evidence": "ChEMBL query", "citation": {"namespace": "pubmed", "identifier": "ChEMBL database"}}
path(ChEMBL:CHEMBL4565849)	association	a(ChEMBLAssay:CHEMBL4336406)	{"assayType": "F", "pChEMBL": "6.37", "relation": "association", "evidence": "ChEMBL query", "citation": {"namespace": "pubmed", "identifier": "ChEMBL database"}}
path(ChEMBL:CHEMBL4565849)	association	a(ChEMBLAssay:CHEMBL4336391)	{"assayType": "F", "pChEMBL": "6.14", "relation": "association", "evidence": "ChEMBL query", "citation": {"namespace": "pubmed", "identifier": "ChEMBL database"}}
m(HP:CHEMBL613738)	association	a(ChEMBLAssay:CHEMBL4336391)	{"relation": "association", "evidence": "ChEMBL query", "citation": {"namespace": "pubmed", "identifier": "ChEMBL database"}}
a(ChEMBLAssay:CHEMBL4336391)	association	m(HP:CHEMBL613738)	{"relation": "association", "evidence": "ChEMBL query", "citation": {"namespace": "pubmed", "identifier": "ChEMBL database"}}
a(ChEMBLAssay:CHEMBL4336391)	association	path(ChEMBL:CHEMBL4565849)	{"assayType": "F", "pChEMBL": "6.14", "relation": "association", "evidence": "ChEMBL query", "citation": {"namespace": "pubmed", "identifier": "ChEMBL database"}}
path(ChEMBL:CHEMBL220610)	association	a(ChEMBLAssay:CHEMBL918571)	{"assayType": "F", "pChEMBL": "7.70", "relation": "association", "evidence": "ChEMBL query", "citation": {"namespace": "pubmed", "identifier": "ChEMBL database"}}
path(ChEMBL:CHEMBL220610)	association	a(ChEMBLAssay:CHEMBL918573)	{"assayType": "F", "pChEMBL": "7.00", "relation": "association", "evidence": "ChEMBL query", "citation": {"namespace": "pubmed", "identifier": "ChEMBL database"}}
path(ChEMBL:CHEMBL220610)	association	a(ChEMBLAssay:CHEMBL918575)	{"assayType": "F", "pChEMBL": "8.00", "relation": "association", "evidence": "ChEMBL query", "citation": {"namespace": "pubmed", "identifier": "ChEMBL database"}}
path(ChEMBL:CHEMBL220610)	association	a(ChEMBLAssay:CHEMBL918576)	{"assayType": "F", "pChEMBL": "8.00", "relation": "association", "evidence": "ChEMBL query", "citation": {"namespace": "pubmed", "identifier": "ChEMBL database"}}
path(ChEMBL:CHEMBL220610)	association	a(ChEMBLAssay:CHEMBL918577)	{"assayType": "F", "pChEMBL": "7.70", "relation": "association", "evidence": "ChEMBL query", "citation": {"namespace": "pubmed", "identifier": "ChEMBL database"}}
m(HP:AHCY)	association	a(ChEMBLAssay:CHEMBL800629)	{"relation": "association", "evidence": "ChEMBL query", "citation": {"namespace": "pubmed", "identifier": "ChEMBL database"}}
m(HP:AHCY)	association	a(ChEMBLAssay:CHEMBL3294635)	{"relation": "association", "evidence": "ChEMBL query", "citation": {"namespace": "pubmed", "identifier": "ChEMBL database"}}
m(HP:AHCY)	association	a(ChEMBLAssay:CHEMBL3294636)	{"relation": "association", "evidence": "ChEMBL query", "citation": {"namespace": "pubmed", "identifier": "ChEMBL database"}}
m(HP:AHCY)	association	r(Pathway:Methylation.)	{"Reactome": "R-HSA-156581", "relation": "association", "evidence": "ChEMBL query", "citation": {"namespace": "pubmed", "identifier": "ChEMBL database"}}
m(HP:AHCY)	association	r(Pathway:"Sulfur amino acid metabolism.")	{"Reactome": "R-HSA-1614635", "relation": "association", "evidence": "ChEMBL query", "citation": {"namespace": "pubmed", "identifier": "ChEMBL database"}}
m(HP:AHCY)	association	r(Pathway:"Metabolism of ingested SeMet, Sec, MeSec into H2Se.")	{"Reactome": "R-HSA-2408508", "relation": "association", "evidence": "ChEMBL query", "citation": {"namespace": "pubmed", "identifier": "ChEMBL database"}}
m(HP:AHCY)	association	r(Pathway:"Defective AHCY causes HMAHCHD.")	{"Reactome": "R-HSA-5578997", "relation": "association", "evidence": "ChEMBL query", "citation": {"namespace": "pubmed", "identifier": "ChEMBL database"}}
a(ChEMBLAssay:CHEMBL800629)	association	m(HP:AHCY)	{"relation": "association", "evidence": "ChEMBL query", "citation": {"namespace": "pubmed", "identifier": "ChEMBL database"}}
a(ChEMBLAssay:CHEMBL800629)	association	path(ChEMBL:CHEMBL494759)	{"assayType": "B", "pChEMBL": "6.55", "relation": "association", "evidence": "ChEMBL query", "citation": {"namespace": "pubmed", "identifier": "ChEMBL database"}}
path(ChEMBL:CHEMBL494759)	association	a(ChEMBLAssay:CHEMBL800629)	{"assayType": "B", "pChEMBL": "6.55", "relation": "association", "evidence": "ChEMBL query", "citation": {"namespace": "pubmed", "identifier": "ChEMBL database"}}
m(HP:CHEMBL614149)	association	a(ChEMBLAssay:CHEMBL674318)	{"relation": "association", "evidence": "ChEMBL query", "citation": {"namespace": "pubmed", "identifier": "ChEMBL database"}}
a(ChEMBLAssay:CHEMBL674318)	association	m(HP:CHEMBL614149)	{"relation": "association", "evidence": "ChEMBL query", "citation": {"namespace": "pubmed", "identifier": "ChEMBL database"}}
a(ChEMBLAssay:CHEMBL674318)	association	path(ChEMBL:CHEMBL1643)	{"assayType": "F", "pChEMBL": "8.30", "relation": "association", "evidence": "ChEMBL query", "citation": {"namespace": "pubmed", "identifier": "ChEMBL database"}}
m(HP:CHEMBL612558)	association	a(ChEMBLAssay:CHEMBL833100)	{"relation": "association", "evidence": "ChEMBL query", "citation": {"namespace": "pubmed", "identifier": "ChEMBL database"}}
a(ChEMBLAssay:CHEMBL833100)	association	m(HP:CHEMBL612558)	{"relation": "association", "evidence": "ChEMBL query", "citation": {"namespace": "pubmed", "identifier": "ChEMBL database"}}
a(ChEMBLAssay:CHEMBL833100)	association	path(ChEMBL:CHEMBL1643)	{"assayType": "F", "pChEMBL": "6.17", "relation": "association", "evidence": "ChEMBL query", "citation": {"namespace": "pubmed", "identifier": "ChEMBL database"}}
m(HP:LMNA)	association	a(ChEMBLAssay:CHEMBL1614544)	{"relation": "association", "evidence": "ChEMBL query", "citation": {"namespace": "pubmed", "identifier": "ChEMBL database"}}
m(HP:LMNA)	association	r(Pathway:"Meiotic synapsis. [P02545-2]")	{"Reactome": "R-HSA-1221632", "relation": "association", "evidence": "ChEMBL query", "citation": {"namespace": "pubmed", "identifier": "ChEMBL database"}}
m(HP:LMNA)	association	r(Pathway:"Nuclear Envelope Breakdown.")	{"Reactome": "R-HSA-2980766", "relation": "association", "evidence": "ChEMBL query", "citation": {"namespace": "pubmed", "identifier": "ChEMBL database"}}
m(HP:LMNA)	association	r(Pathway:"Initiation of Nuclear Envelope (NE) Reformation.")	{"Reactome": "R-HSA-2995383", "relation": "association", "evidence": "ChEMBL query", "citation": {"namespace": "pubmed", "identifier": "ChEMBL database"}}
m(HP:LMNA)	association	r(Pathway:"Breakdown of the nuclear lamina. [P02545-1]")	{"Reactome": "R-HSA-352238", "relation": "association", "evidence": "ChEMBL query", "citation": {"namespace": "pubmed", "identifier": "ChEMBL database"}}
m(HP:LMNA)	association	r(Pathway:"XBP1(S) activates chaperone genes.")	{"Reactome": "R-HSA-381038", "relation": "association", "evidence": "ChEMBL query", "citation": {"namespace": "pubmed", "identifier": "ChEMBL database"}}
m(HP:LMNA)	association	r(Pathway:"Depolymerisation of the Nuclear Lamina.")	{"Reactome": "R-HSA-4419969", "relation": "association", "evidence": "ChEMBL query", "citation": {"namespace": "pubmed", "identifier": "ChEMBL database"}}
m(HP:LMNA)	association	r(Pathway:"Signaling by BRAF and RAF fusions.")	{"Reactome": "R-HSA-6802952", "relation": "association", "evidence": "ChEMBL query", "citation": {"namespace": "pubmed", "identifier": "ChEMBL database"}}
m(HP:LMNA)	association	r(Pathway:"Deregulated CDK5 triggers multiple neurodegenerative pathways in Alzheimer's disease models. [P02545-1]")	{"Reactome": "R-HSA-8862803", "relation": "association", "evidence": "ChEMBL query", "citation": {"namespace": "pubmed", "identifier": "ChEMBL database"}}
a(ChEMBLAssay:CHEMBL1614544)	association	m(HP:LMNA)	{"relation": "association", "evidence": "ChEMBL query", "citation": {"namespace": "pubmed", "identifier": "ChEMBL database"}}
a(ChEMBLAssay:CHEMBL1614544)	association	path(ChEMBL:CHEMBL1643)	{"assayType": "F", "pChEMBL": "8.40", "relation": "association", "evidence": "ChEMBL query", "citation": {"namespace": "pubmed", "identifier": "ChEMBL database"}}
m(HP:Chrm1)	association	a(ChEMBLAssay:CHEMBL1613997)	{"relation": "association", "evidence": "ChEMBL query", "citation": {"namespace": "pubmed", "identifier": "ChEMBL database"}}
m(HP:Chrm1)	association	r(Pathway:"Muscarinic acetylcholine receptors.")	{"Reactome": "R-RNO-390648", "relation": "association", "evidence": "ChEMBL query", "citation": {"namespace": "pubmed", "identifier": "ChEMBL database"}}
m(HP:Chrm1)	association	r(Pathway:"G alpha (q) signalling events.")	{"Reactome": "R-RNO-416476", "relation": "association", "evidence": "ChEMBL query", "citation": {"namespace": "pubmed", "identifier": "ChEMBL database"}}
a(ChEMBLAssay:CHEMBL1613997)	association	m(HP:Chrm1)	{"relation": "association", "evidence": "ChEMBL query", "citation": {"namespace": "pubmed", "identifier": "ChEMBL database"}}
a(ChEMBLAssay:CHEMBL1613997)	association	path(ChEMBL:CHEMBL1643)	{"assayType": "F", "pChEMBL": "7.30", "relation": "association", "evidence": "ChEMBL query", "citation": {"namespace": "pubmed", "identifier": "ChEMBL database"}}
m(HP:CYP3A4)	association	a(ChEMBLAssay:CHEMBL1614108)	{"relation": "association", "evidence": "ChEMBL query", "citation": {"namespace": "pubmed", "identifier": "ChEMBL database"}}
m(HP:CYP3A4)	association	r(Pathway:Xenobiotics.)	{"Reactome": "R-HSA-211981", "relation": "association", "evidence": "ChEMBL query", "citation": {"namespace": "pubmed", "identifier": "ChEMBL database"}}
m(HP:CYP3A4)	association	r(Pathway:"Aflatoxin activation and detoxification.")	{"Reactome": "R-HSA-5423646", "relation": "association", "evidence": "ChEMBL query", "citation": {"namespace": "pubmed", "identifier": "ChEMBL database"}}
m(HP:CYP3A4)	association	r(Pathway:"Biosynthesis of maresin-like SPMs.")	{"Reactome": "R-HSA-9027307", "relation": "association", "evidence": "ChEMBL query", "citation": {"namespace": "pubmed", "identifier": "ChEMBL database"}}
a(ChEMBLAssay:CHEMBL1614108)	association	m(HP:CYP3A4)	{"relation": "association", "evidence": "ChEMBL query", "citation": {"namespace": "pubmed", "identifier": "ChEMBL database"}}
a(ChEMBLAssay:CHEMBL1614108)	association	path(ChEMBL:CHEMBL1643)	{"assayType": "A", "pChEMBL": "6.10", "relation": "association", "evidence": "ChEMBL query", "citation": {"namespace": "pubmed", "identifier": "ChEMBL database"}}
m(HP:AHCYL1)	association	a(ChEMBLAssay:CHEMBL3757541)	{"relation": "association", "evidence": "ChEMBL query", "citation": {"namespace": "pubmed", "identifier": "ChEMBL database"}}
m(HP:AHCYL1)	association	r(Pathway:"PLC beta mediated events.")	{"Reactome": "R-HSA-112043", "relation": "association", "evidence": "ChEMBL query", "citation": {"namespace": "pubmed", "identifier": "ChEMBL database"}}
m(HP:AHCYL1)	association	r(Pathway:"DAG and IP3 signaling.")	{"Reactome": "R-HSA-1489509", "relation": "association", "evidence": "ChEMBL query", "citation": {"namespace": "pubmed", "identifier": "ChEMBL database"}}
m(HP:AHCYL1)	association	r(Pathway:"Role of phospholipids in phagocytosis.")	{"Reactome": "R-HSA-2029485", "relation": "association", "evidence": "ChEMBL query", "citation": {"namespace": "pubmed", "identifier": "ChEMBL database"}}
m(HP:AHCYL1)	association	r(Pathway:"FCERI mediated Ca+2 mobilization.")	{"Reactome": "R-HSA-2871809", "relation": "association", "evidence": "ChEMBL query", "citation": {"namespace": "pubmed", "identifier": "ChEMBL database"}}
m(HP:AHCYL1)	association	r(Pathway:"Regulation of insulin secretion.")	{"Reactome": "R-HSA-422356", "relation": "association", "evidence": "ChEMBL query", "citation": {"namespace": "pubmed", "identifier": "ChEMBL database"}}
m(HP:AHCYL1)	association	r(Pathway:"VEGFR2 mediated cell proliferation.")	{"Reactome": "R-HSA-5218921", "relation": "association", "evidence": "ChEMBL query", "citation": {"namespace": "pubmed", "identifier": "ChEMBL database"}}
m(HP:AHCYL1)	association	r(Pathway:"Ion homeostasis.")	{"Reactome": "R-HSA-5578775", "relation": "association", "evidence": "ChEMBL query", "citation": {"namespace": "pubmed", "identifier": "ChEMBL database"}}
m(HP:AHCYL1)	association	r(Pathway:"CLEC7A (Dectin-1) induces NFAT activation.")	{"Reactome": "R-HSA-5607763", "relation": "association", "evidence": "ChEMBL query", "citation": {"namespace": "pubmed", "identifier": "ChEMBL database"}}
m(HP:AHCYL1)	association	r(Pathway:"FCGR3A-mediated IL10 synthesis.")	{"Reactome": "R-HSA-9664323", "relation": "association", "evidence": "ChEMBL query", "citation": {"namespace": "pubmed", "identifier": "ChEMBL database"}}
m(HP:AHCYL1)	association	r(Pathway:"Antigen activates B Cell Receptor (BCR) leading to generation of second messengers.")	{"Reactome": "R-HSA-983695", "relation": "association", "evidence": "ChEMBL query", "citation": {"namespace": "pubmed", "identifier": "ChEMBL database"}}
a(ChEMBLAssay:CHEMBL3757541)	association	m(HP:AHCYL1)	{"relation": "association", "evidence": "ChEMBL query", "citation": {"namespace": "pubmed", "identifier": "ChEMBL database"}}
a(ChEMBLAssay:CHEMBL3757541)	association	path(ChEMBL:CHEMBL3753637)	{"assayType": "B", "pChEMBL": "8.49", "relation": "association", "evidence": "ChEMBL query", "citation": {"namespace": "pubmed", "identifier": "ChEMBL database"}}
path(ChEMBL:CHEMBL3753637)	association	a(ChEMBLAssay:CHEMBL3757541)	{"assayType": "B", "pChEMBL": "8.49", "relation": "association", "evidence": "ChEMBL query", "citation": {"namespace": "pubmed", "identifier": "ChEMBL database"}}
a(ChEMBLAssay:CHEMBL995355)	association	m(HP:CHEMBL613332)	{"relation": "association", "evidence": "ChEMBL query", "citation": {"namespace": "pubmed", "identifier": "ChEMBL database"}}
a(ChEMBLAssay:CHEMBL995355)	association	path(ChEMBL:CHEMBL112159)	{"assayType": "F", "pChEMBL": "7.00", "relation": "association", "evidence": "ChEMBL query", "citation": {"namespace": "pubmed", "identifier": "ChEMBL database"}}
path(ChEMBL:CHEMBL112159)	association	a(ChEMBLAssay:CHEMBL995355)	{"assayType": "F", "pChEMBL": "7.00", "relation": "association", "evidence": "ChEMBL query", "citation": {"namespace": "pubmed", "identifier": "ChEMBL database"}}
path(ChEMBL:CHEMBL112159)	association	a(ChEMBLAssay:CHEMBL995354)	{"assayType": "F", "pChEMBL": "6.70", "relation": "association", "evidence": "ChEMBL query", "citation": {"namespace": "pubmed", "identifier": "ChEMBL database"}}
path(ChEMBL:CHEMBL112159)	association	a(ChEMBLAssay:CHEMBL1931881)	{"assayType": "F", "pChEMBL": "6.22", "relation": "association", "evidence": "ChEMBL query", "citation": {"namespace": "pubmed", "identifier": "ChEMBL database"}}
path(ChEMBL:CHEMBL112159)	association	a(ChEMBLAssay:CHEMBL1931882)	{"assayType": "F", "pChEMBL": "6.00", "relation": "association", "evidence": "ChEMBL query", "citation": {"namespace": "pubmed", "identifier": "ChEMBL database"}}
a(ChEMBLAssay:CHEMBL995354)	association	m(HP:CHEMBL613332)	{"relation": "association", "evidence": "ChEMBL query", "citation": {"namespace": "pubmed", "identifier": "ChEMBL database"}}
a(ChEMBLAssay:CHEMBL995354)	association	path(ChEMBL:CHEMBL112159)	{"assayType": "F", "pChEMBL": "6.70", "relation": "association", "evidence": "ChEMBL query", "citation": {"namespace": "pubmed", "identifier": "ChEMBL database"}}
m(HP:CHEMBL3879801)	association	a(ChEMBLAssay:CHEMBL1931881)	{"relation": "association", "evidence": "ChEMBL query", "citation": {"namespace": "pubmed", "identifier": "ChEMBL database"}}
a(ChEMBLAssay:CHEMBL1931881)	association	m(HP:CHEMBL3879801)	{"relation": "association", "evidence": "ChEMBL query", "citation": {"namespace": "pubmed", "identifier": "ChEMBL database"}}
a(ChEMBLAssay:CHEMBL1931881)	association	path(ChEMBL:CHEMBL112159)	{"assayType": "F", "pChEMBL": "6.22", "relation": "association", "evidence": "ChEMBL query", "citation": {"namespace": "pubmed", "identifier": "ChEMBL database"}}
a(ChEMBLAssay:CHEMBL1931882)	association	m(HP:CHEMBL613167)	{"relation": "association", "evidence": "ChEMBL query", "citation": {"namespace": "pubmed", "identifier": "ChEMBL database"}}
a(ChEMBLAssay:CHEMBL1931882)	association	path(ChEMBL:CHEMBL112159)	{"assayType": "F", "pChEMBL": "6.00", "relation": "association", "evidence": "ChEMBL query", "citation": {"namespace": "pubmed", "identifier": "ChEMBL database"}}
a(ChEMBLAssay:CHEMBL2400652)	association	m(HP:CHEMBL612672)	{"relation": "association", "evidence": "ChEMBL query", "citation": {"namespace": "pubmed", "identifier": "ChEMBL database"}}
a(ChEMBLAssay:CHEMBL2400652)	association	path(ChEMBL:CHEMBL360506)	{"assayType": "F", "pChEMBL": "6.31", "relation": "association", "evidence": "ChEMBL query", "citation": {"namespace": "pubmed", "identifier": "ChEMBL database"}}
path(ChEMBL:CHEMBL360506)	association	a(ChEMBLAssay:CHEMBL2400652)	{"assayType": "F", "pChEMBL": "6.31", "relation": "association", "evidence": "ChEMBL query", "citation": {"namespace": "pubmed", "identifier": "ChEMBL database"}}
path(ChEMBL:CHEMBL221054)	association	a(ChEMBLAssay:CHEMBL918571)	{"assayType": "F", "pChEMBL": "7.40", "relation": "association", "evidence": "ChEMBL query", "citation": {"namespace": "pubmed", "identifier": "ChEMBL database"}}
path(ChEMBL:CHEMBL221054)	association	a(ChEMBLAssay:CHEMBL918572)	{"assayType": "F", "pChEMBL": "6.22", "relation": "association", "evidence": "ChEMBL query", "citation": {"namespace": "pubmed", "identifier": "ChEMBL database"}}
path(ChEMBL:CHEMBL221054)	association	a(ChEMBLAssay:CHEMBL918573)	{"assayType": "F", "pChEMBL": "7.16", "relation": "association", "evidence": "ChEMBL query", "citation": {"namespace": "pubmed", "identifier": "ChEMBL database"}}
path(ChEMBL:CHEMBL221054)	association	a(ChEMBLAssay:CHEMBL918575)	{"assayType": "F", "pChEMBL": "8.00", "relation": "association", "evidence": "ChEMBL query", "citation": {"namespace": "pubmed", "identifier": "ChEMBL database"}}
path(ChEMBL:CHEMBL221054)	association	a(ChEMBLAssay:CHEMBL918576)	{"assayType": "F", "pChEMBL": "8.00", "relation": "association", "evidence": "ChEMBL query", "citation": {"namespace": "pubmed", "identifier": "ChEMBL database"}}
a(ChEMBLAssay:CHEMBL3294635)	association	m(HP:AHCY)	{"relation": "association", "evidence": "ChEMBL query", "citation": {"namespace": "pubmed", "identifier": "ChEMBL database"}}
a(ChEMBLAssay:CHEMBL3294635)	association	path(ChEMBL:CHEMBL3290663)	{"assayType": "B", "pChEMBL": "7.62", "relation": "association", "evidence": "ChEMBL query", "citation": {"namespace": "pubmed", "identifier": "ChEMBL database"}}
path(ChEMBL:CHEMBL3290663)	association	a(ChEMBLAssay:CHEMBL3294635)	{"assayType": "B", "pChEMBL": "7.62", "relation": "association", "evidence": "ChEMBL query", "citation": {"namespace": "pubmed", "identifier": "ChEMBL database"}}
path(ChEMBL:CHEMBL3290663)	association	a(ChEMBLAssay:CHEMBL3294636)	{"assayType": "B", "pChEMBL": "8.03", "relation": "association", "evidence": "ChEMBL query", "citation": {"namespace": "pubmed", "identifier": "ChEMBL database"}}
path(ChEMBL:CHEMBL3290663)	association	a(ChEMBLAssay:CHEMBL3387285)	{"assayType": "B", "pChEMBL": "8.24", "relation": "association", "evidence": "ChEMBL query", "citation": {"namespace": "pubmed", "identifier": "ChEMBL database"}}
a(ChEMBLAssay:CHEMBL3294636)	association	m(HP:AHCY)	{"relation": "association", "evidence": "ChEMBL query", "citation": {"namespace": "pubmed", "identifier": "ChEMBL database"}}
a(ChEMBLAssay:CHEMBL3294636)	association	path(ChEMBL:CHEMBL3290663)	{"assayType": "B", "pChEMBL": "8.03", "relation": "association", "evidence": "ChEMBL query", "citation": {"namespace": "pubmed", "identifier": "ChEMBL database"}}
a(ChEMBLAssay:CHEMBL1803177)	association	m(HP:CHEMBL371)	{"relation": "association", "evidence": "ChEMBL query", "citation": {"namespace": "pubmed", "identifier": "ChEMBL database"}}
a(ChEMBLAssay:CHEMBL1803177)	association	path(ChEMBL:CHEMBL392630)	{"assayType": "F", "pChEMBL": "6.60", "relation": "association", "evidence": "ChEMBL query", "citation": {"namespace": "pubmed", "identifier": "ChEMBL database"}}
path(ChEMBL:CHEMBL392630)	association	a(ChEMBLAssay:CHEMBL1803177)	{"assayType": "F", "pChEMBL": "6.60", "relation": "association", "evidence": "ChEMBL query", "citation": {"namespace": "pubmed", "identifier": "ChEMBL database"}}
path(ChEMBL:CHEMBL392630)	association	a(ChEMBLAssay:CHEMBL1931884)	{"assayType": "F", "pChEMBL": "6.60", "relation": "association", "evidence": "ChEMBL query", "citation": {"namespace": "pubmed", "identifier": "ChEMBL database"}}
a(ChEMBLAssay:CHEMBL1931884)	association	m(HP:CHEMBL371)	{"relation": "association", "evidence": "ChEMBL query", "citation": {"namespace": "pubmed", "identifier": "ChEMBL database"}}
a(ChEMBLAssay:CHEMBL1931884)	association	path(ChEMBL:CHEMBL392630)	{"assayType": "F", "pChEMBL": "6.60", "relation": "association", "evidence": "ChEMBL query", "citation": {"namespace": "pubmed", "identifier": "ChEMBL database"}}
r(Pathway:Methylation.)	association	m(HP:AHCY)	{"Reactome": "R-HSA-156581", "relation": "association", "evidence": "ChEMBL query", "citation": {"namespace": "pubmed", "identifier": "ChEMBL database"}}
r(Pathway:"Sulfur amino acid metabolism.")	association	m(HP:AHCY)	{"Reactome": "R-HSA-1614635", "relation": "association", "evidence": "ChEMBL query", "citation": {"namespace": "pubmed", "identifier": "ChEMBL database"}}
r(Pathway:"Metabolism of ingested SeMet, Sec, MeSec into H2Se.")	association	m(HP:AHCY)	{"Reactome": "R-HSA-2408508", "relation": "association", "evidence": "ChEMBL query", "citation": {"namespace": "pubmed", "identifier": "ChEMBL database"}}
r(Pathway:"Defective AHCY causes HMAHCHD.")	association	m(HP:AHCY)	{"Reactome": "R-HSA-5578997", "relation": "association", "evidence": "ChEMBL query", "citation": {"namespace": "pubmed", "identifier": "ChEMBL database"}}
r(Pathway:Xenobiotics.)	association	m(HP:CYP3A4)	{"Reactome": "R-HSA-211981", "relation": "association", "evidence": "ChEMBL query", "citation": {"namespace": "pubmed", "identifier": "ChEMBL database"}}
r(Pathway:"Aflatoxin activation and detoxification.")	association	m(HP:CYP3A4)	{"Reactome": "R-HSA-5423646", "relation": "association", "evidence": "ChEMBL query", "citation": {"namespace": "pubmed", "identifier": "ChEMBL database"}}
r(Pathway:"Biosynthesis of maresin-like SPMs.")	association	m(HP:CYP3A4)	{"Reactome": "R-HSA-9027307", "relation": "association", "evidence": "ChEMBL query", "citation": {"namespace": "pubmed", "identifier": "ChEMBL database"}}
r(Pathway:"PLC beta mediated events.")	association	m(HP:AHCYL1)	{"Reactome": "R-HSA-112043", "relation": "association", "evidence": "ChEMBL query", "citation": {"namespace": "pubmed", "identifier": "ChEMBL database"}}
r(Pathway:"DAG and IP3 signaling.")	association	m(HP:AHCYL1)	{"Reactome": "R-HSA-1489509", "relation": "association", "evidence": "ChEMBL query", "citation": {"namespace": "pubmed", "identifier": "ChEMBL database"}}
r(Pathway:"Role of phospholipids in phagocytosis.")	association	m(HP:AHCYL1)	{"Reactome": "R-HSA-2029485", "relation": "association", "evidence": "ChEMBL query", "citation": {"namespace": "pubmed", "identifier": "ChEMBL database"}}
r(Pathway:"FCERI mediated Ca+2 mobilization.")	association	m(HP:AHCYL1)	{"Reactome": "R-HSA-2871809", "relation": "association", "evidence": "ChEMBL query", "citation": {"namespace": "pubmed", "identifier": "ChEMBL database"}}
r(Pathway:"Regulation of insulin secretion.")	association	m(HP:AHCYL1)	{"Reactome": "R-HSA-422356", "relation": "association", "evidence": "ChEMBL query", "citation": {"namespace": "pubmed", "identifier": "ChEMBL database"}}
r(Pathway:"VEGFR2 mediated cell proliferation.")	association	m(HP:AHCYL1)	{"Reactome": "R-HSA-5218921", "relation": "association", "evidence": "ChEMBL query", "citation": {"namespace": "pubmed", "identifier": "ChEMBL database"}}
r(Pathway:"Ion homeostasis.")	association	m(HP:AHCYL1)	{"Reactome": "R-HSA-5578775", "relation": "association", "evidence": "ChEMBL query", "citation": {"namespace": "pubmed", "identifier": "ChEMBL database"}}
r(Pathway:"CLEC7A (Dectin-1) induces NFAT activation.")	association	m(HP:AHCYL1)	{"Reactome": "R-HSA-5607763", "relation": "association", "evidence": "ChEMBL query", "citation": {"namespace": "pubmed", "identifier": "ChEMBL database"}}
r(Pathway:"FCGR3A-mediated IL10 synthesis.")	association	m(HP:AHCYL1)	{"Reactome": "R-HSA-9664323", "relation": "association", "evidence": "ChEMBL query", "citation": {"namespace": "pubmed", "identifier": "ChEMBL database"}}
r(Pathway:"Antigen activates B Cell Receptor (BCR) leading to generation of second messengers.")	association	m(HP:AHCYL1)	{"Reactome": "R-HSA-983695", "relation": "association", "evidence": "ChEMBL query", "citation": {"namespace": "pubmed", "identifier": "ChEMBL database"}}
r(Pathway:"Muscarinic acetylcholine receptors.")	association	m(HP:Chrm1)	{"Reactome": "R-RNO-390648", "relation": "association", "evidence": "ChEMBL query", "citation": {"namespace": "pubmed", "identifier": "ChEMBL database"}}
r(Pathway:"G alpha (q) signalling events.")	association	m(HP:Chrm1)	{"Reactome": "R-RNO-416476", "relation": "association", "evidence": "ChEMBL query", "citation": {"namespace": "pubmed", "identifier": "ChEMBL database"}}
r(Pathway:"Meiotic synapsis. [P02545-2]")	association	m(HP:LMNA)	{"Reactome": "R-HSA-1221632", "relation": "association", "evidence": "ChEMBL query", "citation": {"namespace": "pubmed", "identifier": "ChEMBL database"}}
r(Pathway:"Nuclear Envelope Breakdown.")	association	m(HP:LMNA)	{"Reactome": "R-HSA-2980766", "relation": "association", "evidence": "ChEMBL query", "citation": {"namespace": "pubmed", "identifier": "ChEMBL database"}}
r(Pathway:"Initiation of Nuclear Envelope (NE) Reformation.")	association	m(HP:LMNA)	{"Reactome": "R-HSA-2995383", "relation": "association", "evidence": "ChEMBL query", "citation": {"namespace": "pubmed", "identifier": "ChEMBL database"}}
r(Pathway:"Breakdown of the nuclear lamina. [P02545-1]")	association	m(HP:LMNA)	{"Reactome": "R-HSA-352238", "relation": "association", "evidence": "ChEMBL query", "citation": {"namespace": "pubmed", "identifier": "ChEMBL database"}}
r(Pathway:"XBP1(S) activates chaperone genes.")	association	m(HP:LMNA)	{"Reactome": "R-HSA-381038", "relation": "association", "evidence": "ChEMBL query", "citation": {"namespace": "pubmed", "identifier": "ChEMBL database"}}
r(Pathway:"Depolymerisation of the Nuclear Lamina.")	association	m(HP:LMNA)	{"Reactome": "R-HSA-4419969", "relation": "association", "evidence": "ChEMBL query", "citation": {"namespace": "pubmed", "identifier": "ChEMBL database"}}
r(Pathway:"Signaling by BRAF and RAF fusions.")	association	m(HP:LMNA)	{"Reactome": "R-HSA-6802952", "relation": "association", "evidence": "ChEMBL query", "citation": {"namespace": "pubmed", "identifier": "ChEMBL database"}}
r(Pathway:"Deregulated CDK5 triggers multiple neurodegenerative pathways in Alzheimer's disease models. [P02545-1]")	association	m(HP:LMNA)	{"Reactome": "R-HSA-8862803", "relation": "association", "evidence": "ChEMBL query", "citation": {"namespace": "pubmed", "identifier": "ChEMBL database"}}
r(Pathway:"Potential therapeutics for SARS.")	association	m(HP:NS5B)	{"Reactome": "R-HSA-9679191", "relation": "association", "evidence": "ChEMBL query", "citation": {"namespace": "pubmed", "identifier": "ChEMBL database"}}
r(Pathway:"Potential therapeutics for SARS.")	association	m(HP:IMPDH1)	{"Reactome": "R-HSA-9679191", "relation": "association", "evidence": "ChEMBL query", "citation": {"namespace": "pubmed", "identifier": "ChEMBL database"}}
m(HP:NS5B)	association	r(Pathway:"Potential therapeutics for SARS.")	{"Reactome": "R-HSA-9679191", "relation": "association", "evidence": "ChEMBL query", "citation": {"namespace": "pubmed", "identifier": "ChEMBL database"}}
r(Pathway:"Neutrophil degranulation.")	association	m(HP:IMPDH1)	{"Reactome": "R-HSA-6798695", "relation": "association", "evidence": "ChEMBL query", "citation": {"namespace": "pubmed", "identifier": "ChEMBL database"}}
m(HP:IMPDH1)	association	r(Pathway:"Neutrophil degranulation.")	{"Reactome": "R-HSA-6798695", "relation": "association", "evidence": "ChEMBL query", "citation": {"namespace": "pubmed", "identifier": "ChEMBL database"}}
m(HP:IMPDH1)	association	r(Pathway:"Purine ribonucleoside monophosphate biosynthesis.")	{"Reactome": "R-HSA-73817", "relation": "association", "evidence": "ChEMBL query", "citation": {"namespace": "pubmed", "identifier": "ChEMBL database"}}
m(HP:IMPDH1)	association	r(Pathway:"Potential therapeutics for SARS.")	{"Reactome": "R-HSA-9679191", "relation": "association", "evidence": "ChEMBL query", "citation": {"namespace": "pubmed", "identifier": "ChEMBL database"}}
r(Pathway:"Purine ribonucleoside monophosphate biosynthesis.")	association	m(HP:IMPDH1)	{"Reactome": "R-HSA-73817", "relation": "association", "evidence": "ChEMBL query", "citation": {"namespace": "pubmed", "identifier": "ChEMBL database"}}
